userName,at,content,score
Denniel Syahrul,2023-12-01 11:49:38,kaga bisa kebuka,2
ghea asmarandhana,2023-12-02 02:27:15,mantap semakin memudahkan mobilitas para penggunanya,5
Latifah Dena,2023-12-02 07:11:42,aplikasinya sangat membantu,5
Hidup Baru,2023-12-02 07:41:45,mantab,5
Dika Dewantara,2023-12-02 08:28:09,sangat membantu untuk mengetahui jam kedatangan kereta dan memudahkan untuk mengetahui jumlah saldo kmt tanpa harus mengantri di loket,5
Putra Miftaul Huda,2023-12-03 03:02:03,suka eror,1
Farel Iqbal,2023-12-03 05:49:25,ga jelas udh di download gabisa dibuna,1
VIKSMARD 25,2023-12-03 19:44:39,saat daftar menggunakan kata spesial ngebug tidak bisa ,1
Lilik Andrianto,2023-12-04 10:18:43,beda dg kai access ya,5
Kristian Sutoyo,2023-12-05 11:51:15,aksesnya lama ga bisa cek kmt ga bisa daftar sudah hari coba selalu keluar notif ada sedikit masalah ,1
Angga Praditya,2023-12-05 12:40:01,gajelas banget aplikasinya ga keurus,1
Agus Gunawan,2023-12-07 10:24:23,udah cape cape daftar pas masuk akun malah ada kendala kan aneh tapi nyata gak bisa topup dong cuma bisa cek doang tolong di perbaiki dong,5
Deris Rismawan,2023-12-09 01:28:34,gak bisa ke buka aplikasi nya jelek,1
Rafif Wkwk,2023-12-09 08:09:41,mau buka aplikasi aja lama banget,2
Mas Ryan CS,2023-12-10 09:36:19,susah mau daftar nya kode verifikasi nggak masuk² ke email kayanya aplikasi belum siapp tapi udah rilis ,1
Trino,2023-12-10 11:07:35,masih banyak banget yang harus diperbaiki kalau cuma buat cek rute cek harga posisi kereta dan jam lebih baik pakai aplikasi klr aja,1
dabella hara,2023-12-11 11:52:16,udah diinstal tp kok gk bisa dibuka yaaa,2
Aditya Arya Nugraha,2023-12-12 01:25:59,aplikasi gajelas banyak bug update saldo pending,1
Sayang,2023-12-12 02:07:11,untuk metode pembayaran pembelian tiket mengunakan aplikasi dana dan pihak bank fitur nya adakan supaya memudahkan,1
Fauzan Syahla,2023-12-12 07:38:55,gak bisa topup kalo cuman buat liat rute atau tarif mending ke krl aja itu mah,1
Dian Purnama,2023-12-12 11:04:24,susah log in aplikasi nya huft,2
SAEPUL HIZAZ,2023-12-12 11:24:21,mantaap kci,5
firdaus setiawan,2023-12-13 01:39:01,setelah update makin gak bener nih app malah gak bisa dibuka,1
Wahyu Stand,2023-12-13 04:05:21,gak jelas lemot banget aplikasi nya,1
Siti K7706,2023-12-13 09:07:27,coba dl,4
Agung Lusi,2023-12-13 10:16:43,jos,5
the youth pledge,2023-12-13 10:17:27,lebih inovatif luar biasa,5
Fandi Irfan Maulana,2023-12-13 10:40:22,memuaskan semakin mempermudah pengguna,5
Riezz Zimmern,2023-12-13 10:49:10,aplikasi sangat membantu,5
andy seno,2023-12-13 11:01:22,sangat membantu bagi pengguna kereta commuter line dan dapat mengisi ulang kmt di hp,5
Adnan Fiqri,2023-12-13 11:09:21,sangat membantu naik krl dan jadwal nya good joob,5
Achmad Agustian Rosyadi,2023-12-13 13:25:56,inovasi yang perlu diterapkan dan dikembangkan singkron gopaynyaa mohon segera di realiasikan,5
Gigih Prasetyo,2023-12-13 21:08:33,mantab,5
Rusydan Alfin,2023-12-14 12:43:22,masih ada fitur fitur yang belum optimal selebihnya lumayan mudah digunakan dan lebih baik daripada aplikasi krl access sebelumnya semoga terus diperbarui dan dioptimalkan lagi aplikasinya mantap ,4
Eko Setiyanto,2023-12-18 12:45:42,dah beberapa kali coba daftar blm bisa juga ada sedikit masalah ,3
Adelz 14,2023-12-22 07:51:19,massa mau isi ulang gk bisa padahal nfc gagal apk nya gitu terus,3
Husnul Khatib,2023-12-23 15:29:53,tidak bisa melakukan top up kartu,1
Nyaik Mugiyati,2023-12-26 09:58:34,daftar akun kok bagian membuat password ditolak terus ya padahal sudah ada angka huruf besar kecil sebal,3
Ali Muhlisin,2023-12-29 20:51:54,mudah di gunakan,5
Alviano Vian,2023-12-31 03:40:18,percuma download tapi ga bisa di pakai tolong perbaiki lagi,1
Chandra Aditya,2023-12-31 04:00:36,ga bisa top up jelek,1
Rafael Do Kaka,2023-12-31 15:42:50,bagaimana ini commuter line id saya liat jadwal kereta stasiun klender katanya ada ke manggarai jam lah nyatanya ampe jam tidak ada banyak kereta tidak ada sesuatu jadwal di stasiun langsung dengan di aplikasi tidak benar sekali ini kacaw,1
Siti Rohmah,2024-01-01 12:41:10,gabisa cek saldo kmt sih,2
efri julianto,2024-01-01 14:12:39,gak bisa daftar,1
Syamsul Harun,2024-01-02 06:17:17,sangat tidak rekomendasi masa download mau login malah keluar sendiri aplikasi nya,1
Mohamad Richo Abdul Rozaq,2024-01-03 03:10:42,scannya susah kebaca gk tau masalah dri sistem barcode alat scannya yg kurang sensitif,2
Derry Irawan,2024-01-03 04:30:22,aplikasi gajelas gua udah ngikutin jadwal di aplikasi pas di stasiun berubah tujuan yang harusnya selang x malah berubah jangan suka suka lu aja pada kalo ga tepat mending hapus aja ini aplikasi gak guna,1
Sinshia ds,2024-01-05 12:57:37,jelek kadang bisa sering kaga bisa,1
Nadia,2024-01-06 08:01:54,mau buka apk aja kaga bisa loading berjam jam heran yg bikin apk,1
Inno Putra,2024-01-06 12:33:43,kalo emang adanya aplikasi ini buat ngemudahin harusnya metode pembayaran bukan cuma satu platform sedianin juga dari bank bank lain trs isi saldo scanning nya lama banget kalo mau bikin mbo yo sing niat sekalian aplikasi pemerintah kalah ama aplikasi ,2
Rama A F,2024-01-07 05:01:04,katanya bakal update tapi kok fiturnya gitu gitu aja dan kenapa kalo mau akses aplikasi harus memakan kuota lebih dipaksa harus lancar rusak ,1
vandra putra,2024-01-08 03:59:27,ok,3
Alisha Khaira wilda,2024-01-10 11:42:00,good job,5
Khoerul Bakri,2024-01-14 11:29:32,tolong perbaiki lagi soal nya mau pesen tiket eror mulu padahal jaringan bagus,3
vidi krishna,2024-01-14 23:01:11,aplikasi sampah top up kaga masuk nanya ke cs nya slow respon ,1
Faiz Nizam,2024-01-15 09:27:14,apk ga jelas,1
Saepul Hikam,2024-01-15 10:34:59,apk nya malah stak di logo gamau masuk apk gimana si ini,1
Dau Maj,2024-01-16 01:46:23,sangat membantu untuk tahu jadwal dan tujuan perjalanan cl,5
Ade Soleh,2024-01-16 13:36:56,ko malah kaga bisa di buka,3
Aulia Yusup,2024-01-17 07:59:12,aplikasi nya tdk bisa kebuka,1
Syahira Anjani Putri,2024-01-17 11:11:05,lemot kali seumur baru ini punya apps tp selama ini hadeuh gabisa kebuka,1
Yuanita Rahmawati,2024-01-18 07:34:55,gak bisa masuk selalu ada kendala tolong perbaiki lah kami juga butuh jadwal posisi keretanya ,1
Leo Teguh,2024-01-19 07:01:15,error mele,1
Masdi Masdidah,2024-01-19 11:08:27,parah ga bisa dibuka aplikasinya lemot,1
Rian Cak,2024-01-20 06:16:53,bagus,4
Mas Jawir,2024-01-21 14:52:03,login error terus muncul notif ada kesalahan sedikit kaya gitu terus dftar juga gk bisa dan sama saja,2
Abdul Aziz Ardiansyah,2024-01-21 14:55:20,sudah bagus buat cek saldo kartu trip krl,5
Nano Aja,2024-01-22 09:07:50,sangat membatu terimakasih,5
Bincar Halomoan,2024-01-23 04:33:49,lemot aplikasinya mau top up kmt ga bisa bisa,1
Jupri Almairaky,2024-01-23 05:46:13,aplikasinya sangat bermanfaat saran mohon ditambah metode pembayarannya selain gopay ya kak agar banyak pilihan lainnya ,5
Indra Wijaya,2024-01-24 00:20:46,aplikasi gk jls,1
Almha Shintia,2024-01-24 08:16:17,malah ga bisa dibuka aplikasi nya padahal sinyal kuat telkomsel kan gobloknya yg bikin aplikasi ini hp gue ram ,1
Rahmat Abdullah,2024-01-24 23:13:06,mantab aplikasinya,5
AA TOI,2024-01-25 01:37:20,atinggal verifikasi ajah lamamya minta ampun ,1
Dinda Mahdalena,2024-01-25 02:11:44,lama bgt nunggu kode otp nya,2
Ibnu ihsan,2024-01-25 03:18:21,aplikasi ga jelas udh coba download di device hp masih aja ga bisa di buka aplikasinya ,1
Devi Rusmila,2024-01-25 05:43:12,mau masuk harus verifikasi email tapi verifikasinya lama masuknya giliran mau dimasukin udah expired hadeh gimana mau masuk kalo gini,3
Adi Darmawan,2024-01-25 09:40:24,masa tiap mau diakses gak bisa kebuka terus gimana mau liat jadwal,3
Akun Ku,2024-01-25 09:58:37,performa jauh beda dengan versi sebelumnya,1
Ahmad Sofian,2024-01-25 10:03:06,lemot uninstal langsung,1
Tio Prasetya Putra,2024-01-26 09:31:44,aplikasi gila susah di buka nya jangan bikin aplikasi kalo emg kaya begini,1
Sri Handayani,2024-01-26 09:47:31,kok aplikasi jdi suka error ya padahal sebelum ini lancar aja tolong,2
jeongwoo lipaa,2024-01-29 13:52:08,tolong lebih dikembangkan lagi setiap membuka aplikasi selalu ga kebuka padahal sinyal baik dan setiap buka di manggarai untuk cek selalu tidak bisa terbuka aplikasinya terimakasih,5
Jajang Channel (Jajang Orock menes),2024-01-30 04:19:41,rute yg ada di aplikasi ini hanya jabodetabek knpa tidak keseluruhan sangat sangat tidak membantu,1
Nuraini Rahayu,2024-01-31 05:39:24,gajelas bgtt top up saldo kmt udh kepotong gopay tapi ga masuk jugaa,1
toni g,2024-02-04 09:56:56,hoy perbaiki it bumn kok bodoh ,1
Rigas Saputra,2024-02-06 02:15:19,sangat bagus dan membantu memudahkan perjalanan kereta api jadi lebih praktis tidak perlu mengantri untuk pembayaran dan cek saldo di stasiun kereta api untuk yang sering pp naik kereta api indonesia wajib banget download deh aplikasi nya khusus yang punya fitur nfc ya hp kalian dan kartu multifungsi lagi bisa di pake untuk transaksi mrt dan busway keren,5
Sri Yuliarsih,2024-02-06 05:13:22,sangat membantu dalam waktu,5
Abudzar 2544,2024-02-06 10:16:25,jadwal kereta tidak real time sangat sesat membuat perjalanan saya terganggu apalagi tertinggal ka lokal merak,1
Saiful Hamiwanto,2024-02-07 12:36:35,sebenarnya aplikasi ini sudah lumayan bagus karena informatif tapi sayangnya sering ngelag terutama pada saat kita sedang di stasiun terutama sekali di stasiun manggarai semoga segera diperbaiki ,2
Mailvin Pradana putra hermanto,2024-02-08 05:52:15,buruk sekali jaringan lemot gangguan mulu,1
Mitha Safitrii,2024-02-08 13:06:49,aplikasi ini selalu eror ketika menetapkan foto profile menghubungkan gopay dan menyimpan perubahan data ketika melengkapi profile tolong untuk segera diperbaiki,1
raihan alfareza,2024-02-08 14:30:49,ini gimana apk nya baru pertama kali download pas dibuka mlah ngestuck di flash screen udh gitu ga jalan gimana mau dipake mau ngasih tp baru install aja ngestuck sya ksh dehh dvc redmi note snapdragon adreno waktu buka available ram gb ,1
Supian Hadi,2024-02-08 23:27:49,ok,5
Banon Luhur,2024-02-09 09:25:13,ga bisa di buka tolong di perbaiki,1
rohmi japar,2024-02-09 23:18:43,bagusan yang aplikasi yang lama krl acces cuma yang lama dah ga bs digunain ya yang skrg ga asyeek mohon ditingkatkan lagi ,3
Nur Hadiy,2024-02-10 05:35:43,gak guna aplikasi nya untuk buka aplikasi nya aja sulit,1
A Profile,2024-02-10 14:18:27,ni aplikasi dikit dikit ga bisa akses,3
Rita Atari,2024-02-10 15:05:20,sebenernya fiturnya sudah bagus dan membantu tapi aplikasinya selalu lemot banget loading lama dan kadang nama stasiun nya gak ditemukan padahal sinyal lagi bagus mohon dikembangkan lagi ya ,3
Muhammad Nazril Taufik,2024-02-11 04:53:51,tidak bisa di buka aplikasi nya,1
Tiara nandita,2024-02-11 05:40:45,sudah sering di unsinstall karna saat dibuka layar depan mulu ngebug,1
Sabtiyo,2024-02-11 06:21:35,aplikasinya milih milih hp,1
eLkribo kribo,2024-02-11 12:24:27,di stasiun daru jadwal kereta yang ke tanah abang jam jarak nya jauh contoh jam terus ada lagi jam jarak waktu nya jangan jauh kelamaan tolong dong jarak jam nya dekat contoh seperti jam jam ,1
Idk How,2024-02-12 12:20:31,kadang suka lama banget buka apknya bahkan gabisa dibuka harus ganti ke data dulu padahal wifi lanjay,4
Nurmayanti Rahayu,2024-02-12 14:19:36,awal download kebuka pas udh di download ga kebuka sama sekali payah bngt apk nya nunggu bbrapa menit sampe menitan ga kebuka buka,2
Maulana Yusuf,2024-02-14 13:23:46,loading lama gua sumpahin bangkrut lu,1
Norman Mulyana,2024-02-14 16:48:24,tidak bisa login acount kenapa coba selalu yah ada sedikit masalah ,1
Halim Himawan,2024-02-18 07:45:29,stuck di loading membuka app,1
ANDRIAN RAPON,2024-02-18 15:18:42,terdaftar,1
Topik,2024-02-19 14:25:02, aja dulu soalnya ga bisa top up kmt kira kira ada yg sama ga ya dan kenapa ga bisa top up kmt ya ,3
Novitasari,2024-02-20 02:42:52,e wallet nya cuma bisa gopay aja ya min tambahin dong yg lain,4
Cecep Kuswandi,2024-02-22 03:56:20,tidak dapat di akses,2
Hondablade Bekasiclub,2024-02-22 11:50:43,apk masih lemot untuk masuk,1
Maulana Kurniawan,2024-02-26 13:40:23,tidak bisa topup selalu gagal padahal ada menu top up kmt mohon di perbaiki dan info lebih lanjut nya supaya mempermudah,4
Iflah Hussein,2024-02-26 15:33:00,aplikasi cacat top up gagalterus,1
Restoran Jakarta,2024-02-26 21:21:45,gak mutu apk,1
M.Wahyu Anwar,2024-02-28 15:23:23,apl ga berguna kabanyakan buff susah buat cek saldo atau topup,1
Yoga Mei Wantara,2024-03-01 06:54:20,merepotkan cek dan isi saldo sering lost contact,3
arif Friyanda,2024-03-01 08:46:14,malah ngk bisa top up saldo kmt setelah di perbarui error trus,2
Rifal Saputra,2024-03-01 13:51:56,selalu gagal cek saldo kmt,2
Hidayatur Rachman,2024-03-01 17:43:00,service unavailable niat hati mengisi ulang saldo apalah daya aplikasi tidak mendukung kalau seperti ini penggunaan aplikasi mobile bukan menjadi solusi justru menjadi masalah ,1
Dio Brando,2024-03-02 17:04:57,sangat membantu,5
Alifa Alifaku,2024-03-02 19:57:12,kenapa jadi ga bisa pesan tiket,3
Erlangga Dewantara,2024-03-03 04:35:08,untuk top up kmt gagal terus,2
Ahmad Sulistiyanto,2024-03-03 05:07:01,kadang sering error ,1
Abdul fatah,2024-03-03 12:09:31,eror mulu dari kemarin,1
apparus Sion,2024-03-03 15:04:27,gak bisa dibuka tidak bisa cek jadwal sudah aplikasinya kacau keretanya juga jadwalnya sungguh kemunduran,1
Kyousuke Hasegawa,2024-03-04 12:05:02,tolong di bagian pengecekan diperbaiki lagi seharusnya kalau bug nya semakin parah seperti ini jangan dilanjutkan ke tingkat produksi update hapus cache data aplikasi gak bisa setelah instal ulang baru bisa udah gitu langsung masuk ke akun saya tanpa login enak sih tapi segi keamanan itu praktik yg buruk update coba lagi beberapa hari kemudian loading lama baru ke home fungsi cek saldo gak berfungsi selalu invalid token riwayat perjalanan jadi kosong cek saldo via topup,2
ghacoets,2024-03-04 14:16:15,tidak bisa cek saldo invalid card tp klo cek pake aplikasi pembaca nfc lain bisa tp di sini ngk bisa sama sx ,1
Novian Rifanto,2024-03-04 16:17:01,tadi nya bisa top up saldo sekarang malah ga bisa bangke aplikasi nya jual mie ayam aja anda,1
Rizky Pandians,2024-03-05 07:05:28,fitur top up via nfc ga berfungsi,2
buyung hilmansyah,2024-03-05 10:28:46,mau daftar aja ribet passwordnya hrs rumit jelimet pdhl mah gk penting² amat gk usah lah telalu ribet toh bukan data vital kok ,2
Varinda Syahilla,2024-03-05 11:38:28,mau isi kmt selalu unvaibel terus kalo ga ntr ga ke detect kartunya padahal jaringan dll bagus niat biar sat set malah bikin males aja tolong diperbarui masalahnya ya,1
Ajeng Rahmat,2024-03-06 11:37:20,gmn si awalnya bs tp selanjutnya agak eror perbaiki lagi dong males bg antri kl buruburu,2
Li Bertus,2024-03-06 16:53:28,aplikasi tolol,1
M Ramzi 050,2024-03-07 07:20:29,top up kmt sudah berhasil dan terbayar tapi saldo kmt gakeisi,1
Pradikha Pratama,2024-03-07 10:53:36,gabisa hubungin ke gopay busuk,1
Wahyu black,2024-03-08 09:42:16,membantu untuk atur jadwal,5
Wanz ID,2024-03-08 10:56:52,error tiap nfc kmt jadi ga bisa cek saldo atau top up,1
Andre Pahlevi,2024-03-08 11:59:17,gara gara aplikasi error dari jam saya gagal berangkat dari stasiun balapan solo ke ke maguwoharjo jogja saya kecewa lah tahu begini gak pesan di aplikasi ini,1
Rakha Ganesha,2024-03-08 13:09:13,sistem nya ga bagus masa ga bisa login,1
Literally Aim,2024-03-08 13:22:27,aplikasi ngebug ga bisa cek jadwal,1
Muhammad Fathoni,2024-03-08 14:20:35,cek saldo gak bisa kartu gak ke detect gopay ke link sendiri topup gak bisa tolong di perbaiki lagi nih berguna bgt buat pengguna aktif krl soalnya,1
ひろなかわぬら,2024-03-08 16:46:50,sangat sulit jika ingin login gangguan terus kacauu balauu,1
Dody Maryono,2024-03-08 21:00:27,ga guna,1
Hesti Dwi Astuti,2024-03-09 08:21:55,udh hari gangguan gabisa cek jadwal keberangkatan,1
Meta Aditya,2024-03-09 13:43:40,gak bisa diakses dari tadi pagi,2
Suyadi Yadi,2024-03-09 16:39:07,aplikasi gak bisa dipakai,1
Heru tirta Mulya,2024-03-09 21:34:37,aplikasi sampah aplikasi gak berguna,1
mufit Kurniawan,2024-03-09 22:27:17,tolong diperbaiki untuk tiap update saldo unaivable,1
R i k a.,2024-03-09 23:48:00,tolong lebih di perhatikan aplikasinya masa mau daftar gangguan mulu dari kemarin ,2
Insan Deli,2024-03-10 04:30:31,gak guna gak bisa daftar,1
Ainur Ridho,2024-03-10 05:07:44,aplikasi sampah gak guna,1
irpan ependi,2024-03-10 05:41:19,eror terus,1
ifachri 52,2024-03-10 10:46:36,udah daftar berkali² tapi selalu ada gangguan mulu padahal jaringan lagi bagus tolong dong di perbaiki kalo kaya gini terus bukan nya bikin praktis malah nyusahin ,1
Adhityo Firdaus Putra,2024-03-10 13:27:26,adhityofirdausputra,5
rizky pratama,2024-03-10 14:01:50,mau liat jadwal masih error aja sih guna dikit lah,1
Sapto Winarno,2024-03-10 22:06:10,susah bngt di bukanya,2
Ranti Laraswati,2024-03-10 22:54:26,mau hubungkan dengan ewallet aja gak bisa sebaiknya kasih juga metode pembayaran lain seperti via mbanking loading lambat sangat tolong perbaiki,3
Eno Eno Arbye,2024-03-11 02:34:31,error udah hampir hari apa ini normal ,1
Aji Cahyono,2024-03-11 03:57:41,apk nya bermasalah,1
Afsheen Mauri,2024-03-11 08:22:51,informasi kurang tepat dibandingkan dengan aplikasi sebelumnya krl accses ,2
Herry Creator,2024-03-11 08:34:45,setelah si update malah ga bisa di buka lagi parah,1
Alya Meutia Nida,2024-03-11 09:04:35,dih kenapa anjir error mulu,2
Tuhi Aziza,2024-03-11 12:23:45,aplikasi error,1
Kukuh Napaki,2024-03-11 15:21:59,bobrokkk,1
Isti Febriani,2024-03-11 23:12:20,aplikasi sangat buruk tolong perbaiki,2
Himejima Akeno,2024-03-12 11:20:20,gak bisa daftar akun gagal terus,1
carwiyah lengek,2024-03-12 13:32:57,perbaikan mulu parah aplikasinya kacau,1
Untuk Puisiku,2024-03-12 16:08:50,gaa jelass ngelegg mulu app nyaa,1
Muhamad Akbar,2024-03-12 21:31:21,aplikasi buruk,1
Lisa Damay,2024-03-12 23:53:01,hadeuh aplikasi sering error mau cek jadwal berangkat aja susah ,2
Cut Hamidah,2024-03-13 02:52:48,kenapa ga bisa bayar pake e wallet parah btul ini aplikasi,1
Andres Purnomo,2024-03-13 05:03:11,ini aplikasi gangguan mulu mau daftar gangguan niat pakai aplikasi gk sih,1
Hendry Alzabry,2024-03-13 05:07:24,parah amat liat posisi sama jadwal kereta udh hari ga bisa ,1
Angga Wahyu Saputra,2024-03-13 05:56:12,sering gangguan,1
Budi Suryaman,2024-03-13 07:12:40,erornya lammmma mulu,1
Ari Pratama,2024-03-13 07:42:05,tolong segera di perbaiki,1
Dian Saputra,2024-03-13 12:14:22,layanannya tidak bagus tolong diperbaiki lagi,1
Rizal Afif Pangestu,2024-03-13 13:05:32,di update malah ngestak mulu,1
Bemby Alan,2024-03-13 21:43:23,bikin password aja ribet hrs ada karakter spesial diisi karakternya gabisa ,1
DAMAN HIU,2024-03-14 04:16:16,kenapa gabisa di akses ,1
S Novianto,2024-03-14 06:27:24,gangguan terus tidak bisa masuk ,1
Aldi Rizaldy,2024-03-14 11:27:07,gangguan terus aneh ,1
rachmat susanto,2024-03-14 16:23:53,aplikasi sampah ngecek jadwal aja g bisa,1
Aprilla Ayu,2024-03-14 22:56:55,aplikasi sering susah di akses trus tidak semua stasiun kereta commuter diperhatikan contohnya stasiun cibinong toilet disana cuma ada wanita pria padahal wanita cenderung lebih sering buang air kecil terutama bumil lansia toilet nya juga yg jongkok akses kesana tangga sulit digunakan disabilitas lansia selain itu peron cuma itu juga jaraknya tinggi sekali setinggi lutut dewasa jelas menyulitkan disabilitas lansia tolong dong diberikan perhatian lebih,2
Putri ayu salsabila,2024-03-14 23:16:12,astagaa udah berharj hari gabisa dibuka loh trs gmn nnti buat cek posisi sm jdwl kereta kl gbs dibuka sblm di uninstall pemberitahuan nya eror coba uninstall trs dwonload lg trnyta makin gbs mlh apk nya gbs dibuka tolong perbaikannya ,2
Gemol Bontoh,2024-03-15 09:55:53,stasiun nambo ga da,1
Lilis Riyanti,2024-03-15 13:36:10,stlah di update malah log out dan gabisa log in,1
Christian Schouten,2024-03-16 00:15:36,ini kok di hp saya gak bisa dibuka ya kok gak kebuka ya dan saya udah berapa kali uninstall dan instal ulang sama aja gak kebuka saya coba buka tulisannya ada masalah coba beberapa saat lagi gitu knp ya ,1
RudieDerma1,2024-03-16 10:27:22,woi aplikasi apa ini daftar aja g bisa masukin email ngga valid mulu kata nya padahal email yg dipake udah bener ganti email yg kedua pun bgtu respon nya developer nya sehat g nih wkwkwkw,1
Penguasa Asia,2024-03-16 14:35:55,gak bisa daftar akun,1
Ridwan Firdaus. M,2024-03-16 21:35:27,aplikasi error udah minggu gimana mau liat jadwal ,2
Via Octaviana,2024-03-17 02:46:59,b u r u k,1
Arif Setyo Wibowo,2024-03-17 06:33:53,tolong untuk developer mengapa setelah topup harus masih mencet tombol update dulu baru bisa masuk saldonya pengalaman saya barusan udah topup sukses dari go jek tapi belum pencet tombol update saldo saldo belum masuk lontong bang soalnya keburu tadi saya itu semoga di update ya bang tengs,5
Ridwan Sibungsu,2024-03-18 01:04:37,lebih sering bermasalah kalau mau di gunakan,1
Maulida,2024-03-18 01:14:02,sering banget eror payah,1
Fadlan Ramadhan,2024-03-18 01:21:36,bad aplikasi sering banget errornya,1
Lusand Telehala,2024-03-18 03:18:39,udah saya update kok tetap tidak bisa ya ,4
ACHMAD NUR SUWARGONO,2024-03-18 16:04:37,error tidak bisa di buka aplikasi nya,1
Fajar Haerulloh,2024-03-18 17:57:40,apk dikit dikit eror gimana saya bisa sat set sat set mohon di perbaiki lah,1
Puri Yogyantoro,2024-03-19 03:06:49,sehabis update malah nda mau dibuka ,1
Deby Pramana,2024-03-19 22:45:57,ga bisa baca kartu setelah update aneh makin kesini makin kesana makin buruk pengembangan bukan berkembang malah semakin down bug sama sini asli nyampah,1
Intan Hardiyanti,2024-03-20 14:20:40,ga guna sering errors,1
Alvina Septianda Fardita,2024-03-20 14:20:59,mau masuk eror terus,1
yuddie ichek,2024-03-20 16:12:56,sering g bisa di buka,1
Firdaus,2024-03-21 01:38:16,aplikasi ada di play store tapi tdk bisa dipakai buat apa bikin aplikasi,1
Arsamin 90,2024-03-21 05:32:10,apaaan apk ko gak pungsi,2
Yusnia Rahmania,2024-03-21 23:29:42,akhirnya bisa juga update saldo buat kartu ternyata harus di uninstall dulu semoga bug kayak gini ga ada lagi ya karena ribet kalo lagi urgent butuh saldo,3
Dwiky Dharmawan,2024-03-22 10:37:32,maintenance mulu app nya sudah di buja,1
Riky Apriyadiman,2024-03-22 23:27:21,payah nyari jadwal kereta dan stasiun aja gabisa,2
Herman Oyag,2024-03-23 16:01:22,aplikasi yg selalu gangguan percuma dowdload,1
Muhamad Vito Ananta,2024-03-24 20:20:02,sering susah di aksesnya,1
Solikin Sragen,2024-03-25 03:19:12,gak bisa dibuka,1
Mardi junaedi,2024-03-25 09:55:50,aplikasi yang selalu bermasah,1
Syaiful Herpian,2024-03-25 15:02:25,error mulu gabisa login,1
Khoirun Nadia,2024-03-25 17:25:54,awal download sangat membantu tapi kenapa sekarang malah gak bisa log in teruss ini karena hp saya yg susah sinyal atau emang dari aplikasinya yg kurang bagus udah sering instal dan uninstall tapi tetep kaya gitu terus tolong di perbaiki lagi,1
putrief eff,2024-03-26 08:43:30,error mulu,2
Ikii ajjahh,2024-03-27 02:06:56,ga bisa dibuka mulu sering ada masalah terjadi kesalahan,1
Permata _,2024-03-27 12:40:14,uang ilang grgr top up kartu di apk ini pas nyampe stasiun kata petugas nya multitrip gabisa top up pake nfc kan sebel lumayan jg ketarik tp ga bsa dipake alhasil ngisi lg x,1
Putra Alfendo,2024-03-27 12:44:00,bagus ,5
Grow Ther,2024-03-27 20:39:37,sumpah makin lama makin ga jelas ni apk kalo ga niat buat apk yg niat awalnya untuk mempermudah tapi hasilnya malah mempersulit lebih baik tutup aja apk nya ga guna banget dikit² error dikit² terjadi kesalahan ga bisa login ga bisa cek saldo mau liat jadwal kreta ga muncul² yg muncul malah notifikasi terjadi kesalahan kan ga jelas sekalian aja buat pemberitahuan di apk nya macam gini mohon ma af developer kami malas update dan tidak ingin melayani melalui aplikasi ini lagi ,1
Restu SF KUNINGAN,2024-03-27 23:19:37,apk nya jelek suka eror sendiri tolong diperbaikin lah,1
Septiani Ayu Rosita,2024-03-28 07:50:39,baru kali ini rating aplikasi satu karena udah sekesel itu sama c access bener bener error mulu gak bisa diakses kalo begitu mah mending krl access yang dulu deh walau tampilannnya jelek setidaknya gak error mulu kayak yang ini,1
Denis Haryanto,2024-03-28 11:19:46,bagus dan informatif,5
SAPTO EDI WIBOWO,2024-03-28 12:26:56,mantap,5
Afrizal Izal,2024-03-28 12:38:26,aplikasi pea ga bisa cek saldo kmt ,1
Ahmad tsaqib “Ami” Fahmi,2024-03-29 02:31:44,sampe skrng error ga bisa dipake,1
Nur A.,2024-03-30 02:10:36,tidak bisa masuk ke dalam aplikasi,1
Fadlan Farabi,2024-03-30 10:41:59,aplikasinya rusak tidak dapat digunakan padahal penting sekali buat liat fitur posisi kereta walaupun sering eror juga fitur posisi kereta ,1
Taufik Kurohman,2024-03-31 22:27:53,app tolol,1
Zulfachri Fauzan,2024-04-01 01:33:34,aplikasinya selalu error ketika mau melihat jadwal,1
Thannarief,2024-04-01 10:53:37,weh tolong lah kaga bisa login alasannya salah password padahal udah ganti password,1
Myloser Me,2024-04-01 11:55:39,kenapa setelah di update malah ga bisa dibuka parah banget ini aplikasi,1
Maulana Seto,2024-04-02 01:26:58,aplikaai buruk rupa mau masuk aja ga bisa error muly ga dibenerin ,1
Haryo Adi Prakoso,2024-04-02 09:32:49,aplikasi sering tidak dapat di akses mohon menjadi perhatian agar dapat segera meningkatkan pelayanan ,1
dimas ismawan abdullah,2024-04-02 09:34:11,error mulu,1
Hendra Adi Putra,2024-04-02 11:06:48,payah bagusan aplikasi krl akses ini susah banget cari stasiun harus tepat berada di area dekat lokasi stasiunnya baru kita bisa cek jadwal atau posisi kereta,1
Nununananan min,2024-04-03 11:49:51,makin makin ga jelasss,1
miftahul jannah,2024-04-03 14:41:41,aplikasi kebanyakan ngebug nya heran banget,2
Herul Ajhar,2024-04-04 05:21:00,parah ga kaya apk sebelum nya,1
Nur Rizal (Rizal),2024-04-04 11:56:18,sangat membantu,5
Monika Julianti,2024-04-04 22:03:00,sampe hari ini masih aja gangguan,1
krishna yogara,2024-04-05 02:17:14,terjadi masalah yah ada sedikit masalah coba beberapa saat lagi f ,2
Neptunus,2024-04-05 07:46:28,membantu tidak membantu sangat tidak membantu ,1
Xo storyes,2024-04-05 13:42:01,kenapa tidak bisa dibuka setiap mau chek jadwal pas dibuka ada tulisan yah ada sedikit maslah kok gitu terus ,2
Ade Irfan Maulana Irfan,2024-04-05 13:47:52,ini apk kok error ya gk bisa d buka,1
Alif Daffa Hernanda,2024-04-06 01:38:20,gausah bikin aplikasi kalo error optimal kan saja dulu web base,1
yunia sulasih,2024-04-06 13:55:08,cek saldo pake nfc lgs nyambung top up pake gopay jg lgs terakumulasi saldonya,4
Ihsan Firdansah,2024-04-07 16:11:54,kalo belum siap buat aplikasi mending jangan buat dulu deh banyak banget bug nya,1
Andi Permana,2024-04-08 09:52:19,apl nya ga bisa di buka,1
Andhika Permana,2024-04-09 04:47:18,aplikasi tolol ga bisa di buka ,1
Maul Lista,2024-04-09 11:53:24,buruk,1
Purple U,2024-04-10 07:51:22,gimn sih kok nggak bisa buat cari stasiun ada tulisan tidak ditemukan terus,1
Qwinxx,2024-04-10 19:12:14,tolong diperbaiki bug atau apapun itu kok pas saya buka apk nya malah disuruh setting waktu padahal waktu di hp saya sudah sangat sesuai dengan wilayah saya,2
Sunhaji,2024-04-11 05:43:59,semua yg berhubungan dengan plat merah udah biasa begini ya mungkin merasa aman karena di backup apbn kalau rugi suntik dana beres jadi masalah pelayanan pelanggan beda kisah aja sih beda cerita sama swasta yg hidupnya benar benar dari konsumen ,1
Audreybellvania Zevanna,2024-04-11 09:23:01,nggak jelas ni aplikasi sungguh sangat mengecewakan,1
Glorius Slash,2024-04-11 09:52:55,top up kartu kmt untung top up nya jumlah kecil kaga masuk pepeq,1
Abu Salman,2024-04-11 21:02:15,apk tdk bisa dipake ,1
Teddy darmansyah,2024-04-12 01:42:19,error bae,1
aris thoivin,2024-04-12 03:20:08,aplikasi tidak bisa dibuka karena kesalahan mohon diperbaiki,1
Agus Hendro,2024-04-12 06:52:57,error setelah di update tambah ga jelas,1
Mistuti Yuniarsih,2024-04-12 12:23:06,udah diupdate lg bukannya bisa kebuka login nya ini malahan eror menuh in aplikasi memori aja jadinya,1
Ruben Albert Panggabean,2024-04-13 01:36:36,wow aplikasinya bagus banget pas aku buka saja disambut dengan sedang ada masalah padahal internet saya lancar loh,1
DEDI HADIANSYAH,2024-04-13 04:40:54,lebih sering gangguan daripada normal,2
Yanu Prasetyo,2024-04-13 06:40:56,eror mulu mau liat posisi kereta ga pernah bisa parah pokoke,1
Deean Wiyoto,2024-04-14 08:41:27,mau top up ko ga bisa dihubungkan ya ,1
Tani Suwandi,2024-04-14 12:49:10,kacau bnr ini aplikasi udh beberapa hari gk bisa dibuka selalu ada popup terjadi kesalahan trs ,1
Kylie Lourenza,2024-04-14 17:34:08,aplikasi nya parah gak bisa masuk sama sekali asal kita klik aplikasi ini ya udh stak berhenti disana dilogo c access aja,1
Han studio,2024-04-15 05:44:52,eror terus gak bisa dibuka,1
khabib abdillah,2024-04-15 10:45:05,aplikasi gak jelas gak bisa di buat cek rute,1
Reza,2024-04-16 00:49:59,ngebug mulu gabisa cek jadwal yah sedikit ada masalah kalo ada masalah ya perbaiki lah aplikasi cacat,1
AN_ Family,2024-04-16 03:04:03,kog ga bisa dibuka yaa,1
deuis safitri,2024-04-16 05:43:27,tadinya udh ok banget tp lama lama pas mau di akses gangguan mulu ah gimana sih,2
Irham Irham,2024-04-16 06:20:06,minta atur waktu terus kalo pun lolos stasiun ga ada pilihannya rating serendah ini kelihatan kalo performa app ga masuk kpi alias ga diperhatikan,1
Ivik Zulkipli,2024-04-17 10:11:46,akses susah di buka eror mulu,1
Keni Angraini,2024-04-17 12:50:48,gabisa terus,1
Karim Subekti,2024-04-17 21:15:17,kenapa aplikasi nya sekarang erorr ya padahal sangat berguna ini,2
Akbar Rohmah,2024-04-17 22:25:52,kaga bisa log in apa sih,1
Dhonny Prihantoro,2024-04-17 22:55:10,sampai sekarang masih error maaf saya uninstall kabari aja kalau sudah ada perbaikan,1
Sri widia Hdyt,2024-04-17 23:08:14,aplikasinya gak berguna banget dahh ,1
Edi Supriyadi,2024-04-18 01:35:40,semoga aplikasi ini akurat,5
Rizal,2024-04-18 03:42:21,kok begini banget ya aplikasinya selalu ada tulisan sedang ada masalah kalo begini lebih mending aplikasi sebelumnya krl access,1
Dwi Setiadi,2024-04-18 04:12:32,gabisa digunakan di redminote pro,3
Puji Raja Bagus Kausar,2024-04-18 06:08:50, menit loading awal buka aplikasi ga muncul lebih cepet versi web untuk lihat jadwal krl tapi sekarang ga bisa yg web nya,1
Agusman Nazifah,2024-04-19 00:49:32,gajelas,1
wandi suharlan,2024-04-19 04:56:56,susah masuk,5
Chairunnisa Siregar,2024-04-19 11:45:14,ini aplikasi kenapa dah tiba gk bisa buka krn settingan jam beda bagusan aplikasi yg lama kl kaya gini mah,1
Septian Zulfa Fuadi,2024-04-20 02:58:33,saat pertama install masih bekerja dengan baik hari ini malah eror dengan keterangan kesalahan setting waktu,2
Risanggalih,2024-04-20 04:11:20,paling nggak beri pengumuman di aplikasi lama kalau aplikasi nya ganti,1
Luddy Giarta,2024-04-20 06:27:10,aplikasi aneh tiba logout mau login kembali dan sudah hapus data selalu f gini amat aplikasi karya putra putri terbaik bangsa wkwk,1
Almira Maulida,2024-04-20 07:59:14,aplikasi sampah tak berguna,1
Fissella jazzvy arphegia tiara,2024-04-20 09:35:02,gabisa di buka sama sekali,1
Bams Bang,2024-04-20 11:09:27,aplikasi sering bermasalah it nya bisa kerja ga ,2
Tri Arisandi,2024-04-20 11:45:46,mendingan app yang dlu yang ini tidak bagus mau cek rute aja susah,1
Enung,2024-04-20 11:47:07,apk tolol gak guna,1
PADLI Drestadyumna,2024-04-20 12:46:35,developerny mending suruh bikin nasi uduk aja daripada bikin aplikasi eror terus ,1
Febrian_Ebi,2024-04-20 14:44:42,aplikasi krl banyak yg gkk jelas buat aplikasinya niat atau gkk sih ,1
Eko Prayogi,2024-04-21 02:18:59,c access bagus berkembang versi sekarang bisa input kmt dengan fitur nfc saran harusnya orang orang awam di kasih tau cara penggunaan seperti tutorial video,5
Mikha Khannaniel,2024-04-21 02:36:53,error mulu perasaan,1
Mo Desta,2024-04-21 21:45:21,baru mau di buka buat lihat jadwal kereta aplikasinya malah gak kebuka hadeeh,1
M Sutan Arif Nur Anwar,2024-04-21 22:33:59,ayolah guys kalau ada aplikasi buatan indonesia tuh didukung jangan hanya penuh dengan kritikan tidak bermutu gunakan bahasa yang santun berikan masukan saran yang terbaik terlepas dari apapun kekurangannya kalau kita tidak kompak mendukung bagaimana bangsa ini maju terimakasih,5
Ayumidenisa A,2024-04-21 22:48:45,baru download aplikasinya alhamdulillah lancar cuma sayangnya ga bisa lihat berapa jumlah gerbong keretanya sayang banget saya lihat dulu utk bbrpa waktu kedepannya kalo ada perbaikan dan ga ada kendala saya perbarui bintangnya ,3
Yoshi Rakhmy,2024-04-22 00:40:54,ga busa dibuka,2
arif gunawan,2024-04-22 00:46:21,kenapa aplikasinya eror terus,1
vnillablue.,2024-04-22 03:06:02,aplikasi rusak dan tidak bisa digunakan dikit dikit error padahal jaringan ga bermasalah tolong diperbaiki min aplikasi nya,1
Ikhsan Maulana,2024-04-22 05:06:35,ga bisa login ga bisa reset password ga bisa bikin akun gimana sih ,1
wahyu lestari,2024-04-22 06:16:22,kok error ya min kirain minta di perbaharui tapi nggak ada notif dan di google store gk ada perintah ,4
JEFRI FERNANDO,2024-04-22 12:16:59,error,1
Annisa Affandi15,2024-04-23 08:04:28,koneksinya masih bagusan yg lama krl acces yg ini mah gembel lemot pula ,1
Wibowo Kesuma,2024-04-23 10:31:26,bapuk lemot gak tepat di menu posisi kereta better krl access,1
Fitri Khoerunnisa,2024-04-23 11:06:17,diperbaiki lagi sering bgt error masih mending aplikasi dulu dibanding ini,1
A I Ridwanudin,2024-04-24 01:13:48,sering ga bisa dibuka,1
Fikri Ahmad Maulana,2024-04-24 03:41:22,bisakah untuk fitur melihat posisi kereta dan jadwal kereta tanpa perlu mengaktifkan lokasi handphone dahulu padahal bisa dibuat lebih mudah dan simpel seperti kai access ,3
DRT,2024-04-24 11:46:45,gak bisa daftar,1
Muhammad Langgeng,2024-04-25 00:04:45,tolong di perbaiki menu posisi krl karena ada beberapa pemberangkatan krl tidak terlacak di menu posisi krl aplikasi c acces ,1
Desi Tri Utami,2024-04-25 14:34:01,aneh nih apk sudah berhasil topup tapi giliran update saldo selalu invalid token jadi hangus saldo gopay mau update canggih tapi apk belum siap ,1
tedy hp,2024-04-28 02:22:43,terlalu dipaksakan belum bisa link ke pembayaran,1
Al Fikri,2024-04-28 11:02:26,aplikasi telek kok iso lo belum siap rilis di up banyak bug akses ke server lemot bgt si padahal udh ada chace sharusnya si ga begitu berat tp ini yaampun ntah gimana programmernya,1
Widy Budi,2024-04-28 12:53:15,sangat membantu cuma di banyakin gerbongnya,5
Debi Anugrah,2024-04-28 15:19:27,tidak berguna,1
luth fi,2024-04-29 00:30:31,suruh sambung gopay nunggu bo otp tdk pernah diulang sdh dicoba di device android dan iphone,1
irawan nurinsan,2024-04-29 07:52:08,tolong dong metode tup up nya bisa pake ovo kan bisa ada beberapa opsional metode top up,5
Yudha Firmansyah,2024-04-29 17:27:24,badddd aplication saldo terpotong tapi gabisa out ,1
Putrisya Nirbaya,2024-04-30 01:22:49,lemoott app nya,1
RedSkins LastWar,2024-04-30 06:46:52,gila aplikasi sesampah ini bahkan sekedar nulis nama stasiun aja ga bisa masa nama stasiun mesti digabung ,1
Putra Pandjaitan,2024-05-01 04:18:04,buat daftarnya ribet segala karakter spesial apalah masih gk kebaca juga,2
Syfa Noer,2024-05-01 21:04:06,baru install apknya makin menarik,4
Adang Heryana,2024-05-02 08:29:40,baik,5
Anang Setiawan,2024-05-03 09:02:31,mau daftar aja ribet bgt,1
Ichaniago Syah,2024-05-03 13:31:13,sering sekali data tidak ditemukan ,1
yoed's &tertainment,2024-05-04 12:12:18,aplikasi krl access sptnya di shutdown tp aplikasi rujukan pengganti juga tidak bisa dipakai padahal sdh daftar by email dan no hp still can not work wake up commuterline ,1
Kang Arif (Mass),2024-05-07 08:12:08,gk bisa pake foto profil malah nyuruh login ulang mulu,1
Widiaoctavia Ningrum,2024-05-08 07:56:33,tlg donk di perbaiki masa lebih sering tidak bisa di gunakan jaringan bagus fitur sudah ok bisa pesan tiket sekalian tapi di perbagus sinyal untuk lihat jadwal dan pesan tiketnya terima kasih,3
ibnu nugraha,2024-05-08 10:53:28,udah paling bener krl aksess ini ganti c aksess jadwal dan posisi kereta terkininya nguawuuuur,1
hinazuki,2024-05-08 11:28:59,aplikasi jauh dari kata optimal kembangkan lagi,1
Sirly Maulida,2024-05-08 11:39:25,kalau ga niat bikin aplikasi ga usah ganti ganti eror terus jadi susah atur waktu naik krl apknya aja ga bener,1
Rindy Helinda,2024-05-08 12:08:22,aplikasi ngelag bisa in ga bisa out ,3
Heri Setiyo Nugroho,2024-05-10 03:55:45,cek jadwal krl mudah dicari lebih praktis dan cepat ,5
Arcilla Khirani lavanya,2024-05-10 03:56:54,tidak bisa di pakai,1
Andreas Yordan,2024-05-12 05:58:50,bagus,5
Sadaya Media,2024-05-12 06:00:49,tolong dong aplikasi nya di perbaiki masa sering logout sendiri capek tiap buka aplikasi harus login terus bahkan kadang kadang susah di buka nya,2
Baban Syam,2024-05-12 07:58:14,apk gajelas ngecek saldo gabisa lol afk aja loh,1
Tatang Suherman,2024-05-15 23:52:06,aplikasi paling sulit buat baca kartu nya sendiri,1
Rebin Achmad sofinudin,2024-05-16 09:50:28,trimakasih untuk mempermudah cek kartu,5
maryono,2024-05-16 23:24:25,warna huruf kurang kontras sulit dibacanya mohon diganti dengan warna lain agar terlihat lebih jelas,5
Muhammad Daffa Umam,2024-05-17 10:46:49,ga bisa cek saldo kartu multi trip,1
Mydhay,2024-05-17 22:21:43,mempermudah apanya hhhaaa apk kocag,1
Suryadin Hakim2,2024-05-18 14:01:07,aplikasi gak guna alhamdulillah udh gw hapus dari ponsel,1
Kahar Udin,2024-05-19 12:07:37,bagus aplikasi ini mantap,5
Rafi Sans,2024-05-19 19:02:28,ga jelas asli awal doang bisa digunain skrg udh sebulanan gk bisa kepake,1
Anggi Abdillah,2024-05-21 01:52:31,aplikasi gak jelas gak akurat mending krl access tapi malah gabisa sekarang,1
Bagas Mahendra,2024-05-21 11:20:46,aplikasi ccd lebih baik aplikasi krl access untuk load data tolong lah pilih vendor software housenya yang bener team dev nya harud di evaluasi lagi ,1
[ARD] Suhardi,2024-05-21 11:36:21,server error berminggu minggu,1
Ashiddiq,2024-05-22 14:51:01,ini aplikasi baru bkn y makin baik malah makin gak jls gak bisa di access lagi ,1
Syifa Nurul,2024-05-22 16:23:13,tidak bisa digunakan tidak berguna,1
Fani Rianda Nur Adianto,2024-05-23 04:35:55,ini aplikasi apa gak jelas,1
Lana Arlan,2024-05-23 09:18:28,mending balik ke versi lama deh,1
ubay dillah,2024-05-24 15:24:15,aplikasi kagak jelas tiap mau daftar ulang atau log in kagak bisa² gagal terus,1
Faizal Fatkhu Rakhman,2024-05-24 17:12:58,mantap,5
Firman Ferdian,2024-05-25 05:09:32,good,5
Muhammad Rudi,2024-05-25 15:59:50,agak lemot payah,1
Randi Purnama,2024-05-26 05:45:45,biar di baca suka eror pas mau cek update saldo mending ga usah pakai mending isi di stasiun dari pada kesel orang buru malah tidak bisa di pakai,5
Antoni Saputra,2024-05-26 11:15:38,bagus untuk mengetahui jadwal dan posisi kereta ,5
Ah Masaa,2024-05-26 22:52:24,aplikasi payah makin kesini makin dipersulit nentuin lokasi stasiun di posisi stasiun aja malah gabisa,1
Rafih Tedhe,2024-05-27 01:41:43,ini aplikasi kenapa dah setiap hari selalu minta login giliran login keterangan selalu password salah giliran udah di ganti password tetep salah juga sistem nya jelek amat buat perusahaan sebesar kai cuih,1
Yogi Setya Adhi,2024-05-27 02:10:20,aplikasi t i,1
Alghozali Rizki,2024-05-27 02:11:13,gajelas mau login aja gabisa,1
Irwan Wiguna,2024-05-27 03:13:53,aplikasi tolol,1
Muhammad Rivai,2024-05-27 03:57:02,tolkng perbaiki saat login udh masuk malah log out terus,2
Avira Khofifah,2024-05-27 05:13:13,gajelas eror eror eror mulu,1
Paryadi Kambari,2024-05-27 06:32:01,pengoperasian mudah dan sangat membantu,5
Ali Hanif,2024-05-27 08:04:05,aplikasi kaga danta pisannn,1
Andri Suryana,2024-05-27 09:36:41,aplikasi nya eror terus,2
Anggi Triwulandari,2024-05-27 09:49:22,apk stress udah login mlh keluar lg suru login lagi ,1
yusuf,2024-05-27 09:52:54,ribet banget nih apk mau tahu jadwal cl doang login berulang ulang ,1
yahya taufani,2024-05-27 11:20:48,tolong di perbaiki masalah bug nya terkadang suka gak bisa login,4
mohammad eric rivaldi,2024-05-27 11:24:47,sering kagak bisa apk nya,1
Muhamad Rizkia,2024-05-27 12:12:56,ampas,1
Kang YAYAN,2024-05-27 13:41:44,aplikasi loading tidak respon belum di rekomendasikan,1
Erlan Kumank,2024-05-27 15:27:38,mending lebih cepat yg lama aplikasinya klo yg ini lama masuknya dan sering tidak dapet kedetek jadwalnya infonya tidak terhubung aneh bin ajaib sekelas kai tolong diperbaiki untuk kedepannya agar tidak mempersulit hanya melihat jadwal atau posisi kereta khususnya krl,1
Anisa pratama,2024-05-27 15:47:43,aplikasi gajelas kendala terus ga berguna,1
Gugun,2024-05-28 01:38:40,kenapa sekarang sudah berhasil login kembali minta login lagi berulang ulang edit udah normal,5
desi moeett,2024-05-28 03:30:30,knp saya klo download aplikasi tidak pernah bisa digunakan,1
Komtung Suci,2024-05-28 04:45:01,jangan suka suka lu lah naro arah senen semua tol stasiun klender sering banget arah lewat pasar senen kalo mau ke kp bandan kan bisa di seling ga harus lewat sneen semua ah koncet koncet,1
bintang zackary,2024-05-28 05:48:48,mau bikin akun ribet banget najis kai gamau kah integrasiin aplikasi buat semua jenis layanan kereta mereka biar bisa beli tiket cek jadwal dan lacak realtime posisi kereta dalam aplikasi,1
ashif muammar,2024-05-28 09:08:59,setelah update gabisa dibuka,1
dy wulan,2024-05-28 09:25:29,aplikasi aneh masa sdh login pas cek kereta malah logout dan terus kayak gitu,1
Ruth Secylia Siallagan,2024-05-28 09:58:27,susah di akses aplikasi gak jelas,1
Erlino Dhea Ramadani,2024-05-28 09:59:28,haduh makin lama makin sering gangguan aja ni aplikasi,2
inderakula,2024-05-28 10:11:39,kalo bisa gak usah pake kartu cukup scan pake hp,3
Dina Nurhidayanti,2024-05-28 10:30:47,aplikasinya lemot padahal kuota masih banyak untuk buka apps lain lancar giliran buka c access susah banget loading mulu mau keluar stasiun jadi susah untungnya ada mas² yg jaga jadi ngetap pake kartu dia tolong di perbaiki lagi kai ,1
Rain Forest,2024-05-28 23:36:58,banyak bug nya selalu masalah,1
reza ramadhani,2024-05-30 07:00:57,fitur udah bagus tapi tolong untuk jadwal kereta di update lagi karena kurang akurat saya jadi sering telat berangkat kerja kalo mengandalkan aplikasi ini terimakasih mohon dibantu banyak yg membutuhkan aplikasi ini,3
Igor gendut,2024-05-31 12:11:58,apk tolol daftar udah berhasil verifikasi udah sukses ga bisa masuk taeee sampah ga guna,1
sandy agustian,2024-05-31 15:57:25,aplikasi guoblok lemot kaga jelas,1
Zaa Zaa,2024-05-31 20:22:09,aplikasi goblokkk,1
Mila Kamila,2024-06-01 01:30:58,banyak bug suka error makin aneh,2
Felix Aim,2024-06-01 07:47:41,aplikasi ga guna kebanyakan erornya bahkan sering ga bisa di buka sama sekali,1
Suryanto Yanto,2024-06-01 07:50:38,apk gak jelas,1
Aniz Jadzy,2024-06-01 07:55:11,loading lama sering banget ada gangguan mending krl access,1
Devri Cristian,2024-06-02 06:53:39,ga bisa isi ulang saldo kmt apkikasi gopay tidak di temukan padahal udah ada aplikasinya,1
Dudi Gustaman,2024-06-02 10:05:53,pelayanan memuaskan jam keberangkatan sesuai jadwal,5
Mohamad Ridwan,2024-06-02 13:46:51,aplikasinya sangat sangat sangat lemot sekali lihat jadwal kereta loadingnya bisa menit ,2
Muh Khozin,2024-06-03 05:37:31,sudah lebih baik,5
Jek Hndsm,2024-06-03 10:25:25,aplikasi dongo menghubungkan ke gopay kaga bisa pin gopay udah bener tombol lanjut nya kaga nongol ,1
Bangun Sukmantara,2024-06-04 13:35:27,stuck di logo,1
Maftuhi Abdul Aziz,2024-06-05 15:57:41,mantap lur,5
Guntur Prasetyo,2024-06-06 09:17:18,aplikasi lemot jadwal kereta tidak sesuai dengan aplikasi,1
Mansyur Maqfud,2024-06-07 06:15:27,keren aplikasinya sangat berguna untuk penumpang ,5
aditya ikbal,2024-06-07 10:44:41,sangat lah lemot untuk cek jadwal kocak apk ga siap dipake,1
Dwi Septiyana,2024-06-09 12:19:09,ribet bgt ya awalnya udh disuruh bikin akun krna ga bisa akses trnyata udh punya akun ttp ga bisa akses ini aplikasi akhirnya gue re install iyaa re instal bukan updated dan baru bisa berfungsi sebagaimana mestinya ,1
Putut Sugiharto,2024-06-11 15:18:21,perbaiki lagi jadwal krl nya,1
Arva 93marc,2024-06-12 20:26:37,aplikasi busuk gak guna transaksi gagal terus tulisannya aplikasi gopay tidak ditemukan emang dongok ini aplikasi bintang aja gak banget kalo ada bintang gua pilih,1
si gabuts,2024-06-13 04:08:57,jadwal gak akurat bangkrut aja karena ngikutin jadwal ini saya di omelin pacar saya habis habisan,1
M Rizky Aditya,2024-06-13 08:31:44,mantap,5
Ayub Herrera,2024-06-13 10:46:47,mau top up gak bisa terus apk aneh,1
Darkxyura Gaming,2024-06-13 13:11:08,gak bida dibuka,1
Hadi N,2024-06-14 11:08:16,apk hanya sebuah hiasan ,1
MR Azmi,2024-06-15 02:08:29,gk bisa top up tolong update dulu insyaaallah tak kasih bintang klo sudah,1
Reihan Hasibuan,2024-06-16 11:15:20,tolong dong dibenerin koneksinya masa iya loding screen aja lemot,3
Ghavien XDZ,2024-06-17 03:44:18,first,5
Bustomi Gaming,2024-06-17 18:20:02,kocak aplikasi gk bisa untuk login atau daftar akun kocak,1
Iqbal Sanjani,2024-06-18 07:12:05,tidak jelas,1
Kresly Sitohang,2024-06-18 08:23:14,aplikasi sering down,3
Yazid Akbar,2024-06-18 14:20:51,mau top up saldo kmt status dah berhasil mau update saldo tapi ga bisa terus update saldonya pas scan kartu kartunya aman ga rusak sama sekali terus pas di mau cek atau update saldo malah lost contact kan sumpah ngeselin amat jadi ga masuk top up nya woi,1
Sani Maelani Putri,2024-06-19 05:02:34,apk gajelas,1
M Alkautsar MDW,2024-06-20 06:41:26,sering error loading lama ga bisa refresh kayanya mendingan krl access dah daripada ini ui ux jelas lebih bagus krl access eh malah di ganti kesini krl access dimatiin kacaw,1
Rizal Oktavianto,2024-06-20 12:50:07,pertama kali top up lancar kedua nya malah jadi sampah kaga bisa sama sekali disuruh log in ulang malah ga bisa kacauu kalo disuruh nilai rating bintang udh jelas no bintang cih,1
Farid Kharisudin,2024-06-22 00:34:13,aplikasi kalo belum siap gausah di iklanin dulu ,1
diah reza,2024-06-22 09:58:42,aplikasi pelayanan publik tolol mau app mau websitenya tolol semua bukannya mempermudah malah bikin bingung karena gak pada nyambung ,1
mega wati,2024-06-22 12:24:09,sering ga bs d akses cuma merah doang udh uninstall dwnload ulang tetep aj ga bs d buka mendingan apk yang sebelumnya deh dr pd ini ,1
Nejar Aviandhy,2024-06-22 22:47:18,lelet,1
Prima Raditia,2024-06-23 09:58:33,bad,1
Veno Oktobrian,2024-06-23 13:08:12,apk gajelas dikit eror lemot kesalahan terlalu ribet,1
Ipan Ahmad Maulana,2024-06-24 05:42:48,jelek banget update saldo di tap x kali dulu biar masuk jelek intinya,1
Juhardi Juhiandi,2024-06-24 07:38:45,jatwal madiun ke surabaya,5
Nur Alfia,2024-06-24 11:44:03,apk apaan mau masuk atau daftar aja susah bgt perbaiki lagi deh,2
Ms Kurniasari,2024-06-24 16:03:40,sampah,1
Fery Yoes Chiel,2024-06-25 16:00:04,halaman promo mending jangan ada diawal app di slide kedua saja dibawah jadwal kereta posisi kereta ganggu juga promo gambarnya ga muncul ,4
Hary Syahputra,2024-06-25 17:37:22,sangat membantu,5
Riri Az,2024-06-26 03:50:32,pelayanan aplikasi yang buruk isi saldo kmt dari gopay sudah berhasil terpotong namun dari aplikasi c accec eror gagal sudah konsultasi ke cs email namun tidak ada solusi disuruh cek secara berkala tanpa ada panduan teknis iseng logout aplikasiya trus coba login lagi cek saldo baru masuk tlong pembuat aplikasi untuk update bugnya terima kasih,1
toto triastanto,2024-06-27 04:36:13,payah pembayaran hanya bisa melalui gopay tidak ada pilihan pembayaran yang lain ,2
Waone Waone,2024-06-27 11:22:54,lemotttt susah coneks nya ,2
Hasan Abdul Fattah,2024-06-27 12:21:30,ampas aplikasinya super lemot,1
Ahmad Al Fatan,2024-06-28 07:57:27,jelek ngk bisa ngecek posisi commuter line di stasiun pilihan yg kita malu ngk kyk dulu ngecek posisi krt hr di stasiun yg sesuai dg lokasi ngk bisa ngecek di stasiun pilihan sendiru,1
Muhammad Deni Deni,2024-06-28 16:28:27,daftar aja susah banget untuk mengatur kata sandi nya ribet amat,3
arief boysz,2024-06-28 22:03:51,hanya bisa kali buat nge cek saldo kmt selebihnya failed mulu kudu hapus data aplikasi baru bisa buat nge cek saldo lg masa tiap nge cek saldo kmt kudu hapus data aplikasi terlebihbl dahulu terus rata² aplikasi pemerintah pada jelek pdahal anggaran dana buat aplikasi sangat byk,1
Putu Krisnawa Dewi,2024-07-01 10:51:29,terlalu sering error aplikasi yang tidak membantu,1
Afifah Zahra,2024-07-01 11:06:01,aplikasi lemot,1
Rifani Oktaviyanti,2024-07-01 11:22:17,makin parah ga bisa d buka,1
abu fuad sariyo,2024-07-02 09:05:56,berbulan bulan mau ngelink ke gopay ga bisa bisa bilangnya account not found hubungi admin katanya suruh hapus chace lah install ulang lah sampai puluhan kali tetap ga bisa ngelink ke gopay waduh developer tolonglah perbaiki ini aplikasi ,1
Aldy Muhammad,2024-07-02 15:39:40,ga realtime selisih waktunya bisa menit lebih,1
Najwanadia 2810,2024-07-02 16:52:27,gak bisa login aneh bgt,2
imam photograph676,2024-07-03 09:15:19,gabisa login malas,1
Ferly Akunk,2024-07-04 00:48:53,ribet dan lelet masih lebih update dulu krl acces,1
Rizki Maulana,2024-07-04 06:54:05,mending aplikasi yg lama,1
QZ Collection,2024-07-04 09:53:43,semakin lama semakin tambah lemot ,1
Rahmawati Ahmad,2024-07-05 02:54:02,rutenya kenapa gabisa dibuka sih sgt² tidak membantu ,1
Fatih Nugroho,2024-07-05 17:11:16,aplikasi ribettttt masukan sandi tetep salah ribettt,1
Andreas Pranata Gultom,2024-07-06 07:28:08,aplikasi bug sekuat apapun internet tetap saja tidak muncul contohnya seperti peta rute krl jadi uinstall aplikasi ,1
Yudit Argantara,2024-07-07 00:55:07,susah banget mau daftar akun,2
Muhamad Suardi,2024-07-07 12:00:18,apk anying kaga jls kaga bisa daftar,1
ROHMAT HIDAYAT,2024-07-07 12:42:50,lemot belom ada perbaikan,1
Aji Yudha,2024-07-07 23:37:29,aplikasi nya kurang bagus lemot bngt sering terjadi gangguan dengan aplikasi ini,3
Ichsan Maa'arif,2024-07-08 00:07:19,too lagging for open the apps,1
Jujun Junaedi,2024-07-08 00:55:48,eror mulu,1
Rina Ayu Panca Rini,2024-07-08 02:03:22,ribett suka gak sesuai maps,1
Steven Christian,2024-07-09 02:42:03,masih bingung gunanya buat aplikasi banyak banyak untuk apa sih mana bukannya yang lancar juga performanya,2
レム GAMING,2024-07-09 14:38:20,gak bisa topup,1
HARIO RAHARDY,2024-07-09 14:44:46,gak pernah di perhatiin nih apknya,1
elsya triani,2024-07-10 00:05:05,tolong perbaiki lagii apk nya sangat lemot sekali mau liat jadwal gangguan mulu,2
Mozaic waltz,2024-07-10 00:09:14,trouble teros pelayanan publik di indonesia gak ada yg bener gak becus bikin aplikasi,1
Agung Maulana,2024-07-10 00:28:56,jelek aplikasi lu mau regist akun aja kaga bisa bisa,1
Budi Utomo,2024-07-10 00:31:11,aplikasi sering banget bermasalah mengenaskan masih bagus aps yg lama ,1
Fanfan,2024-07-10 00:35:49,gangguan mulu,1
Deny Adi Purwanto,2024-07-10 01:07:43,tidak berfungsi buat lihat posisi kereta,1
Bukhori 06,2024-07-10 01:15:25,ini aplikasi sering banget error kgk jelas perbaikilah ,1
Melinda Wahyuningsih,2024-07-10 01:33:22,jangan di download tiketnya tiba² hilang padahal sudah bayar,1
pikry aly,2024-07-10 01:51:09,stuck loading mulu ni apk,1
Angga Syahrul Anam,2024-07-10 02:40:59,aplikasinya aneh gangguan mulu sedangkan jaringan full lancar jaya pas nyoba buat akun pun sama gangguan cuma mau cek rute doang ribet loadingnya lama banget udah nunggu loading pas beres malah gangguan,1
Muhammad Albar,2024-07-10 03:38:57,sering error mohon di perbaiki secepat mungkin,1
Farhan Ramadhan,2024-07-10 03:39:04,udah bener kai acces malah ganti c acces yang tiap hari gangguan haha,1
Ice bong,2024-07-10 03:53:08,susah masuk nya masih bagusan yg lama,1
Arief Setiawan,2024-07-10 04:03:16,gk bisa dibuka,1
Sulaiman,2024-07-10 06:07:36,parah gak update banget jadwalnya harusnya realtime lah ada kendala apapun di hari itu ya kasih push notifikasi jadi ketinggalan menit,2
iyansyah,2024-07-10 09:14:01,lemot tidak bisa di buka,1
rifky aziz,2024-07-10 09:44:37,app gaje mending yg dulu,1
Oka 8,2024-07-10 11:54:30,untuk pencarian jdwal kreta sering eror terimakasih,3
Yasser Firdaus,2024-07-10 11:59:16,kok top up kmt jadi eror uangnya di sedot saldonya ga masuk ga ada pengembalian dana,1
Ardi,2024-07-11 11:45:59,ga bisa dibuka apk nya lelet bgt,1
Deniepung 13,2024-07-12 06:10:36,pembayaran nya cuma lewat gopay tolong di tingkatkan utk va bank nya biar semakin mempermudah,1
farhan :v,2024-07-12 14:04:31,tolol anjj,1
rivai ahmad,2024-07-12 15:56:31,jadwal gak sesuai suka telat dan gak sinkron kalau blm siap jgn bkin apk nya ,1
Watch FII,2024-07-13 05:49:53,negara sejuta aplikasi dikit buat aplikasi pakai vendor di hp gua udah ada aplikasi krl yg lama tiap beberapa tahun ganti tolol,1
Putri Winny,2024-07-13 08:51:30,pdhl uda disambungin ke gojek gopay tp tbtb pembayaran gabisa ,2
Bang Yudizz,2024-07-13 12:05:22,gajelas,1
Mahyudin Azis,2024-07-13 12:30:03,aplikasi pler kalo belum siap sama era online atau era digital jangan maksain pler,1
De Rifqi,2024-07-14 02:55:40,apk tai udh pencet login x ttep bae gbisa padahal sandi no telpon sama email jga udh bner smua,1
Andika Rifki Nugroho,2024-07-14 17:00:01,apk jelek gak bisa buat topup,1
